{
  "PLCC": 0.9651086893803438,
  "SRCC": 0.9634300417918217,
  "KRCC": 0.7624556513994128,
  "RMSE": 0.2686248130726960,
  "PLCC_raw": 0.9651086893803438,
  "RMSE_raw": 0.2686248130726960,
  "monitor": "SRCC",
  "monitor_mode": "max"
}
