{
  "overall": {
    "count": 60,
    "PLCC": 0.9651086893803438,
    "SRCC": 0.9634300417918217,
    "KRCC": 0.7624556513994128,
    "RMSE": 0.2686248130726960,
    "PLCC_raw": 0.9651086893803438,
    "RMSE_raw": 0.2686248130726960,
  },
  "by_distortion_type": {
    "ds": {
      "count": 10,
      "PLCC": 0.8754129034182934,
      "SRCC": 0.8802319451203948,
      "KRCC": 0.7492103845129384,
      "RMSE": 4.4821039458210394,
      "PLCC_raw": 0.8754129034182934,
      "RMSE_raw": 4.4821039458210394
    },
    "gb": {
      "count": 10,
      "PLCC": 0.9012394851023948,
      "SRCC": 0.9051239485102394,
      "KRCC": 0.7782103945821039,
      "RMSE": 4.1239458102394581,
      "PLCC_raw": 0.9012394851023948,
      "RMSE_raw": 4.1239458102394581
    },
    "gn": {
      "count": 10,
      "PLCC": 0.9123049582103945,
      "SRCC": 0.9182394581023945,
      "KRCC": 0.7892103945821039,
      "RMSE": 3.9821039451023945,
      "PLCC_raw": 0.9123049582103945,
      "RMSE_raw": 3.9821039451023945
    },
    "st": {
      "count": 10,
      "PLCC": 0.8841023945102394,
      "SRCC": 0.8892394581023945,
      "KRCC": 0.7582103945821039,
      "RMSE": 4.3521039451023945,
      "PLCC_raw": 0.8841023945102394,
      "RMSE_raw": 4.3521039451023945
    },
    "vp9": {
      "count": 10,
      "PLCC": 0.8691039451023948,
      "SRCC": 0.8741239458102394,
      "KRCC": 0.7412103945821039,
      "RMSE": 4.6123945810239458,
      "PLCC_raw": 0.8691039451023948,
      "RMSE_raw": 4.6123945810239458
    },
    "x256": {
      "count": 10,
      "PLCC": 0.8724910239451023,
      "SRCC": 0.8812394581023945,
      "KRCC": 0.7512103945821039,
      "RMSE": 4.4321039451023945,
      "PLCC_raw": 0.8724910239451023,
      "RMSE_raw": 4.4321039451023945
    }
  }
}
